OBJECTID,COUNTRY,year,literacy,,,,,,,
8564,Afghanistan,1950,3,,,,,,,
4850,Afghanistan,1965,6.4,,,,,,,
673,Afghanistan,1975,12.1999999999999,,,,,,,
1383,Afghanistan,1980,19.5,,,,,,,
2828,Afghanistan,1990,27.1,,,,,,,
3603,Afghanistan,1995,31.5,,,,,,,
10923,Afghanistan,2000,35.8999999999999,,,,,,,
12563,Afghanistan,2010,45.3999999999999,,,,,,,
8197,Albania,1945,24.6,,,,,,,
8565,Albania,1950,72.5,,,,,,,
8978,Albania,1955,71.5,,,,,,,
10924,Albania,2000,98.7,,,,,,,
12564,Albania,2010,95.9,,,,,,,
19054,Algeria,1950,17.5,,,,,,,
19059,Algeria,1955,19,,,,,,,
19064,Algeria,1960,10.4,,,,,,,
4852,Algeria,1965,18.8,,,,,,,
3,Algeria,1970,26.3999999999999,,,,,,,
1385,Algeria,1980,39.1,,,,,,,
2105,Algeria,1985,49.6,,,,,,,
2830,Algeria,1990,54.6,,,,,,,
3605,Algeria,1995,61.6,,,,,,,
10925,Algeria,2000,69.9,,,,,,,
11745,Algeria,2005,72.5999999999999,,,,,,,
12565,Algeria,2010,77.2,,,,,,,
19078,Angola,1950,3,,,,,,,
2106,Angola,1985,35.7,,,,,,,
2831,Angola,1990,41.7,,,,,,,
10926,Angola,2000,67.4,,,,,,,
12566,Angola,2010,70.0999999999999,,,,,,,
10499,Argentina,1895,46.7,,,,,,,
6317,Argentina,1915,64.9,,,,,,,
8198,Argentina,1945,86.4,,,,,,,
8566,Argentina,1950,87.5,,,,,,,
4261,Argentina,1960,91.4,,,,,,,
4,Argentina,1970,92.5999999999999,,,,,,,
1387,Argentina,1980,93.9,,,,,,,
2832,Argentina,1990,95.5999999999999,,,,,,,
3607,Argentina,1995,96.2,,,,,,,
10927,Argentina,2000,96.5999999999999,,,,,,,
12567,Argentina,2010,97.2999999999999,,,,,,,
19173,Armenia,1990,98.7999999999999,,,,,,,
10928,Armenia,2000,99.4,,,,,,,
12568,Armenia,2010,99.5999999999999,,,,,,,
8567,Australia,1950,98.5,,,,,,,
4262,Australia,1960,99,,,,,,,
5,Australia,1970,99,,,,,,,
1388,Australia,1980,99,,,,,,,
2833,Australia,1990,99,,,,,,,
10929,Australia,2000,99,,,,,,,
11749,Australia,2005,99,,,,,,,
12569,Australia,2010,99,,,,,,,
8568,Austria,1950,88.5,,,,,,,
4263,Austria,1960,92,,,,,,,
6,Austria,1970,94,,,,,,,
1389,Austria,1980,97,,,,,,,
2834,Austria,1990,97,,,,,,,
10930,Austria,2000,98,,,,,,,
12570,Austria,2010,98,,,,,,,
10931,Azerbaijan,2000,98.7999999999999,,,,,,,
11751,Azerbaijan,2005,99.5999999999999,,,,,,,
12571,Azerbaijan,2010,99.7999999999999,,,,,,,
19339,Bangladesh,1960,21.6,,,,,,,
681,Bangladesh,1975,25.8,,,,,,,
1391,Bangladesh,1980,29.5,,,,,,,
2836,Bangladesh,1990,35.2999999999999,,,,,,,
3613,Bangladesh,1995,38.1,,,,,,,
10933,Bangladesh,2000,47.5,,,,,,,
12573,Bangladesh,2010,56.7999999999999,,,,,,,
19422,Belarus,1990,97.9,,,,,,,
10936,Belarus,2000,99.5999999999999,,,,,,,
12576,Belarus,2010,99.5999999999999,,,,,,,
15561,Belgium,1865,59.3999999999999,,,,,,,
9695,Belgium,1880,69.4,,,,,,,
10236,Belgium,1890,74.5,,,,,,,
5495,Belgium,1900,80.4,,,,,,,
6043,Belgium,1910,86.5999999999999,,,,,,,
6597,Belgium,1920,92.2,,,,,,,
7224,Belgium,1930,94.0999999999999,,,,,,,
8201,Belgium,1945,96.7,,,,,,,
8569,Belgium,1950,96.5,,,,,,,
7,Belgium,1970,97.2,,,,,,,
1392,Belgium,1980,98.0999999999999,,,,,,,
2837,Belgium,1990,99,,,,,,,
10934,Belgium,2000,99,,,,,,,
11754,Belgium,2005,99,,,,,,,
12574,Belgium,2010,99,,,,,,,
19431,Belize,1945,81.0999999999999,,,,,,,
19439,Belize,1960,86.5999999999999,,,,,,,
2838,Belize,1990,70.2999999999999,,,,,,,
10935,Belize,2000,76.9,,,,,,,
4265,Benin,1960,4.6,,,,,,,
1393,Benin,1980,16.5,,,,,,,
2839,Benin,1990,27.1999999999999,,,,,,,
3617,Benin,1995,37,,,,,,,
10937,Benin,2000,34.7,,,,,,,
12577,Benin,2010,42.3999999999999,,,,,,,
8570,Bhutan,1950,3,,,,,,,
1394,Bhutan,1980,28,,,,,,,
2840,Bhutan,1990,37.2,,,,,,,
3618,Bhutan,1995,42.2,,,,,,,
10938,Bhutan,2000,47.2999999999999,,,,,,,
11758,Bhutan,2005,47,,,,,,,
12578,Bhutan,2010,57.6,,,,,,,
8571,Bolivia,1950,32.1,,,,,,,
4267,Bolivia,1960,38.7999999999999,,,,,,,
685,Bolivia,1975,63.2,,,,,,,
1395,Bolivia,1980,69.5,,,,,,,
2841,Bolivia,1990,80,,,,,,,
3619,Bolivia,1995,83.0999999999999,,,,,,,
10939,Bolivia,2000,86.7,,,,,,,
11759,Bolivia,2005,90.7,,,,,,,
12579,Bolivia,2010,91.2,,,,,,,
10940,Bosnia-Herzegovina,2000,96.7,,,,,,,
12580,Bosnia-Herzegovina,2010,97.9,,,,,,,
19598,Botswana,1945,20.5,,,,,,,
19599,Botswana,1950,22.5,,,,,,,
19614,Botswana,1965,32.7,,,,,,,
11,Botswana,1970,41,,,,,,,
1396,Botswana,1980,55.5,,,,,,,
2842,Botswana,1990,68.5999999999999,,,,,,,
3621,Botswana,1995,69.7999999999999,,,,,,,
10941,Botswana,2000,81.2,,,,,,,
12581,Botswana,2010,84.5,,,,,,,
5497,Brazil,1900,34.7,,,,,,,
6599,Brazil,1920,35.1,,,,,,,
7878,Brazil,1940,43.8999999999999,,,,,,,
8572,Brazil,1950,49.3999999999999,,,,,,,
4268,Brazil,1960,61,,,,,,,
12,Brazil,1970,66.2,,,,,,,
687,Brazil,1975,75.7,,,,,,,
1397,Brazil,1980,74.5999999999999,,,,,,,
2843,Brazil,1990,81,,,,,,,
3622,Brazil,1995,83.2999999999999,,,,,,,
10942,Brazil,2000,86.4,,,,,,,
11762,Brazil,2005,89.5999999999999,,,,,,,
12582,Brazil,2010,90.2999999999999,,,,,,,
19621,Brunei,1945,27.3999999999999,,,,,,,
19622,Brunei,1950,27.5,,,,,,,
19624,Brunei,1960,42.6,,,,,,,
19634,Brunei,1970,63.8999999999999,,,,,,,
19644,Brunei,1980,77.7999999999999,,,,,,,
2844,Brunei,1990,87.7999999999999,,,,,,,
3623,Brunei,1995,88.2,,,,,,,
10943,Brunei,2000,92.7,,,,,,,
12583,Brunei,2010,95.2,,,,,,,
5498,Bulgaria,1900,29.6,,,,,,,
5768,Bulgaria,1905,34.5,,,,,,,
6046,Bulgaria,1910,42.2,,,,,,,
6600,Bulgaria,1920,53.2999999999999,,,,,,,
6912,Bulgaria,1925,60.2999999999999,,,,,,,
7549,Bulgaria,1935,68.5999999999999,,,,,,,
8204,Bulgaria,1945,75.7999999999999,,,,,,,
8573,Bulgaria,1950,77.5,,,,,,,
8986,Bulgaria,1955,85.7,,,,,,,
4861,Bulgaria,1965,90.5999999999999,,,,,,,
1398,Bulgaria,1980,93.0999999999999,,,,,,,
2845,Bulgaria,1990,95.2,,,,,,,
10944,Bulgaria,2000,98.2,,,,,,,
12584,Bulgaria,2010,98.5,,,,,,,
689,Burkina,1975,8.69999999999999,,,,,,,
1399,Burkina,1980,11.4,,,,,,,
2846,Burkina,1990,13.6,,,,,,,
3625,Burkina,1995,12.8,,,,,,,
10945,Burkina,2000,21.8,,,,,,,
11765,Burkina,2005,23.6,,,,,,,
12585,Burkina,2010,28.6999999999999,,,,,,,
19660,Burundi,1960,13.9,,,,,,,
1401,Burundi,1980,22.5,,,,,,,
2848,Burundi,1990,37.3999999999999,,,,,,,
3627,Burundi,1995,35.2999999999999,,,,,,,
10947,Burundi,2000,59.2999999999999,,,,,,,
12587,Burundi,2010,67.2,,,,,,,
19664,Cambodia,1950,17.5,,,,,,,
10948,Cambodia,2000,67.2999999999999,,,,,,,
11768,Cambodia,2005,73.5999999999999,,,,,,,
12588,Cambodia,2010,73.9,,,,,,,
19676,Cameroon,1950,7.5,,,,,,,
4273,Cameroon,1960,18.8999999999999,,,,,,,
693,Cameroon,1975,41.2,,,,,,,
1403,Cameroon,1980,44,,,,,,,
2850,Cameroon,1990,57,,,,,,,
3629,Cameroon,1995,63.3999999999999,,,,,,,
10949,Cameroon,2000,68.4,,,,,,,
11769,Cameroon,2005,70.7,,,,,,,
12589,Cameroon,2010,79,,,,,,,
5499,Canada,1900,82.9,,,,,,,
6047,Canada,1910,89,,,,,,,
6601,Canada,1920,94.2999999999999,,,,,,,
7228,Canada,1930,95.7,,,,,,,
8575,Canada,1950,97.5,,,,,,,
4274,Canada,1960,98,,,,,,,
19,Canada,1970,98,,,,,,,
1404,Canada,1980,98.5,,,,,,,
2851,Canada,1990,99,,,,,,,
10950,Canada,2000,99,,,,,,,
12590,Canada,2010,99,,,,,,,
19686,Central African Republic,1950,7.5,,,,,,,
4275,Central African Republic,1960,2.1,,,,,,,
695,Central African Republic,1975,18.1999999999999,,,,,,,
1405,Central African Republic,1980,33,,,,,,,
2852,Central African Republic,1990,33.6,,,,,,,
3631,Central African Republic,1995,60,,,,,,,
10951,Central African Republic,2000,50.6,,,,,,,
12591,Central African Republic,2010,56,,,,,,,
19696,Chad,1950,3,,,,,,,
4869,Chad,1965,5.6,,,,,,,
1406,Chad,1980,32.7,,,,,,,
2853,Chad,1990,42.7,,,,,,,
3632,Chad,1995,48.1,,,,,,,
10952,Chad,2000,53.5,,,,,,,
12592,Chad,2010,63.6,,,,,,,
5770,Chile,1905,51.1,,,,,,,
6602,Chile,1920,64,,,,,,,
7229,Chile,1930,75.5999999999999,,,,,,,
7881,Chile,1940,72.9,,,,,,,
8576,Chile,1950,80.0999999999999,,,,,,,
4277,Chile,1960,83.5999999999999,,,,,,,
22,Chile,1970,89,,,,,,,
1407,Chile,1980,91.0999999999999,,,,,,,
2854,Chile,1990,94.2999999999999,,,,,,,
3633,Chile,1995,95.2,,,,,,,
10953,Chile,2000,95.7,,,,,,,
12593,Chile,2010,98.5999999999999,,,,,,,
8577,China,1950,47.5,,,,,,,
1408,China,1980,65.5,,,,,,,
2855,China,1990,77.7999999999999,,,,,,,
3634,China,1995,81.5,,,,,,,
10954,China,2000,90.9,,,,,,,
12594,China,2010,94.2999999999999,,,,,,,
6604,Colombia,1920,42.3999999999999,,,,,,,
7231,Colombia,1930,51.6,,,,,,,
7883,Colombia,1940,55.7999999999999,,,,,,,
8578,Colombia,1950,52.5,,,,,,,
8992,Colombia,1955,62.2999999999999,,,,,,,
4279,Colombia,1960,62.5,,,,,,,
4872,Colombia,1965,62.8999999999999,,,,,,,
699,Colombia,1975,81.7999999999999,,,,,,,
1409,Colombia,1980,86.9,,,,,,,
2856,Colombia,1990,89.5999999999999,,,,,,,
3635,Colombia,1995,91.2,,,,,,,
10955,Colombia,2000,92.5999999999999,,,,,,,
11775,Colombia,2005,92.2999999999999,,,,,,,
12595,Colombia,2010,93.4,,,,,,,
19708,Comoros,1965,58.3999999999999,,,,,,,
1410,Comoros,1980,47.8999999999999,,,,,,,
2857,Comoros,1990,54.3999999999999,,,,,,,
3636,Comoros,1995,57.2999999999999,,,,,,,
10956,Comoros,2000,60.2999999999999,,,,,,,
12596,Comoros,2010,65.7999999999999,,,,,,,
19724,Congo,1960,15.6,,,,,,,
1411,Congo,1980,51.5,,,,,,,
2858,Congo,1990,67.7999999999999,,,,,,,
3637,Congo,1995,74.9,,,,,,,
10957,Congo,2000,81,,,,,,,
11777,Congo,2005,83.7999999999999,,,,,,,
12597,Congo,2010,90.0999999999999,,,,,,,
6917,Costa Rica,1925,65.7,,,,,,,
8579,Costa Rica,1950,79.4,,,,,,,
4874,Costa Rica,1965,84,,,,,,,
702,Costa Rica,1975,88.4,,,,,,,
1412,Costa Rica,1980,91.5,,,,,,,
2134,Costa Rica,1985,92.5999999999999,,,,,,,
2859,Costa Rica,1990,93.9,,,,,,,
3638,Costa Rica,1995,94.7999999999999,,,,,,,
10958,Costa Rica,2000,94.9,,,,,,,
12598,Costa Rica,2010,96.2,,,,,,,
4308,Côte d`Ivoire,1960,5,,,,,,,
1445,Côte d`Ivoire,1980,35,,,,,,,
2892,Côte d`Ivoire,1990,34.1,,,,,,,
3674,Côte d`Ivoire,1995,40.1,,,,,,,
10994,Côte d`Ivoire,2000,48.7,,,,,,,
12634,Côte d`Ivoire,2010,56.2,,,,,,,
18776,Croatia,1990,96.7,,,,,,,
10959,Croatia,2000,98.0999999999999,,,,,,,
12599,Croatia,2010,98.7999999999999,,,,,,,
18790,Cuba,1900,43.1,,,,,,,
6052,Cuba,1910,56.3999999999999,,,,,,,
6606,Cuba,1920,61.2999999999999,,,,,,,
7233,Cuba,1930,71.7999999999999,,,,,,,
8210,Cuba,1945,66.4,,,,,,,
8580,Cuba,1950,77.5,,,,,,,
8994,Cuba,1955,78.9,,,,,,,
1413,Cuba,1980,89.2,,,,,,,
2860,Cuba,1990,94.2999999999999,,,,,,,
3640,Cuba,1995,95.7,,,,,,,
10960,Cuba,2000,99.7999999999999,,,,,,,
12600,Cuba,2010,99.7999999999999,,,,,,,
18792,Cyprus,1910,25.5,,,,,,,
18794,Cyprus,1920,35.1,,,,,,,
18796,Cyprus,1930,46.2999999999999,,,,,,,
18799,Cyprus,1945,60.5,,,,,,,
18800,Cyprus,1950,62.5,,,,,,,
4282,Cyprus,1960,75.9,,,,,,,
2861,Cyprus,1990,94.4,,,,,,,
10961,Cyprus,2000,96.7999999999999,,,,,,,
12601,Cyprus,2010,98.2999999999999,,,,,,,
7280,Czechoslovakia,1930,96.9,,,,,,,
8642,Czechoslovakia,1950,97.5,,,,,,,
4365,Czechoslovakia,1960,97.7,,,,,,,
129,Czechoslovakia,1970,97.9,,,,,,,
1523,Czechoslovakia,1980,98.2,,,,,,,
2969,Czechoslovakia,1990,98.5999999999999,,,,,,,
11082,Czech Republic,2000,99,,,,,,,
12722,Czech Republic,2010,99,,,,,,,
18891,Democratic Republic of the Congo,1950,37.5,,,,,,,
1519,Democratic Republic of the Congo,1980,59.2999999999999,,,,,,,
2965,Democratic Republic of the Congo,1990,72,,,,,,,
3758,Democratic Republic of the Congo,1995,77.2999999999999,,,,,,,
11078,Democratic Republic of the Congo,2000,81.9,,,,,,,
12718,Democratic Republic of the Congo,2010,89,,,,,,,
8581,Denmark,1950,98.5,,,,,,,
11782,Denmark,2005,99,,,,,,,
1416,Djibouti,1980,31.3999999999999,,,,,,,
2863,Djibouti,1990,41.1,,,,,,,
3643,Djibouti,1995,46.2,,,,,,,
10963,Djibouti,2000,51.3999999999999,,,,,,,
12603,Djibouti,2010,61,,,,,,,
7557,Dominican Republic,1935,26.5,,,,,,,
8582,Dominican Republic,1950,42.8999999999999,,,,,,,
8996,Dominican Republic,1955,59.8999999999999,,,,,,,
4284,Dominican Republic,1960,64.5,,,,,,,
30,Dominican Republic,1970,67.2,,,,,,,
1417,Dominican Republic,1980,73.0999999999999,,,,,,,
2864,Dominican Republic,1990,79.7999999999999,,,,,,,
3644,Dominican Republic,1995,82.0999999999999,,,,,,,
10964,Dominican Republic,2000,87,,,,,,,
11784,Dominican Republic,2005,88.7,,,,,,,
12604,Dominican Republic,2010,89.5,,,,,,,
8583,Ecuador,1950,55.7,,,,,,,
4285,Ecuador,1960,67.5,,,,,,,
707,Ecuador,1975,74.2,,,,,,,
1418,Ecuador,1980,83.5999999999999,,,,,,,
2865,Ecuador,1990,88.2999999999999,,,,,,,
3645,Ecuador,1995,90.0999999999999,,,,,,,
10965,Ecuador,2000,91,,,,,,,
11785,Ecuador,2005,84.2,,,,,,,
12605,Ecuador,2010,91.9,,,,,,,
18924,Egypt,1905,7.3,,,,,,,
18927,Egypt,1915,8.8,,,,,,,
6922,Egypt,1925,14.1,,,,,,,
7559,Egypt,1935,14.8,,,,,,,
8214,Egypt,1945,19.8999999999999,,,,,,,
8584,Egypt,1950,22.5,,,,,,,
4286,Egypt,1960,25.8,,,,,,,
708,Egypt,1975,38.2,,,,,,,
1419,Egypt,1980,39.7,,,,,,,
2141,Egypt,1985,44.3999999999999,,,,,,,
2866,Egypt,1990,47.5,,,,,,,
3646,Egypt,1995,55.6,,,,,,,
10966,Egypt,2000,55.2999999999999,,,,,,,
11786,Egypt,2005,71.4,,,,,,,
12606,Egypt,2010,72,,,,,,,
7238,El Salvador,1930,27.6,,,,,,,
8585,El Salvador,1950,39.3999999999999,,,,,,,
4287,El Salvador,1960,49,,,,,,,
33,El Salvador,1970,57.1,,,,,,,
709,El Salvador,1975,62,,,,,,,
1420,El Salvador,1980,63,,,,,,,
2867,El Salvador,1990,68.7,,,,,,,
3647,El Salvador,1995,71.5,,,,,,,
10967,El Salvador,2000,74.0999999999999,,,,,,,
11787,El Salvador,2005,83.5999999999999,,,,,,,
12607,El Salvador,2010,84.5,,,,,,,
18929,Equatorial Guinea,1950,22.5,,,,,,,
1421,Equatorial Guinea,1980,60.3999999999999,,,,,,,
2868,Equatorial Guinea,1990,73.2,,,,,,,
3648,Equatorial Guinea,1995,78.5,,,,,,,
10968,Equatorial Guinea,2000,88.2999999999999,,,,,,,
12608,Equatorial Guinea,2010,93.9,,,,,,,
18947,Eritrea,1950,3,,,,,,,
11084,Eritrea,2000,52.5,,,,,,,
12724,Eritrea,2010,67.7999999999999,,,,,,,
17831,Estonia,1990,99.7,,,,,,,
10969,Estonia,2000,99.7999999999999,,,,,,,
12609,Estonia,2010,99.7999999999999,,,,,,,
8586,Ethiopia,1950,3,,,,,,,
4883,Ethiopia,1965,6,,,,,,,
35,Ethiopia,1970,12.8,,,,,,,
1422,Ethiopia,1980,22.8999999999999,,,,,,,
2869,Ethiopia,1990,30.8,,,,,,,
3650,Ethiopia,1995,35.5,,,,,,,
10970,Ethiopia,2000,40.3999999999999,,,,,,,
11790,Ethiopia,2005,39.7999999999999,,,,,,,
12610,Ethiopia,2010,39,,,,,,,
17836,Fiji,1945,64.4,,,,,,,
17837,Fiji,1950,67.5,,,,,,,
36,Fiji,1970,79,,,,,,,
1423,Fiji,1980,83,,,,,,,
2870,Fiji,1990,89.2,,,,,,,
3651,Fiji,1995,91.5999999999999,,,,,,,
10971,Fiji,2000,93.5999999999999,,,,,,,
11791,Fiji,2005,93.7,,,,,,,
12611,Fiji,2010,96.2999999999999,,,,,,,
17891,Finland,1900,38.7999999999999,,,,,,,
17901,Finland,1910,55.2999999999999,,,,,,,
6613,Finland,1920,69.9,,,,,,,
7241,Finland,1930,84.0999999999999,,,,,,,
8587,Finland,1950,98.5,,,,,,,
4290,Finland,1960,99,,,,,,,
37,Finland,1970,99,,,,,,,
1424,Finland,1980,99,,,,,,,
2871,Finland,1990,100,,,,,,,
10972,Finland,2000,100,,,,,,,
12612,Finland,2010,100,,,,,,,
15835,France,1870,33,,,,,,,
5509,France,1900,83.5,,,,,,,
5780,France,1905,85.9,,,,,,,
6058,France,1910,88.0999999999999,,,,,,,
6614,France,1920,91.7999999999999,,,,,,,
6927,France,1925,93.9,,,,,,,
7242,France,1930,94.7,,,,,,,
7564,France,1935,96,,,,,,,
8218,France,1945,96.5999999999999,,,,,,,
8588,France,1950,96.5,,,,,,,
4291,France,1960,96.5999999999999,,,,,,,
38,France,1970,97,,,,,,,
1425,France,1980,98,,,,,,,
2872,France,1990,99,,,,,,,
10973,France,2000,99,,,,,,,
11793,France,2005,99,,,,,,,
12613,France,2010,99,,,,,,,
17915,Gabon,1950,3,,,,,,,
4292,Gabon,1960,12.4,,,,,,,
1426,Gabon,1980,40.7999999999999,,,,,,,
2873,Gabon,1990,55.8999999999999,,,,,,,
3654,Gabon,1995,63.2,,,,,,,
10974,Gabon,2000,70.7,,,,,,,
11794,Gabon,2005,83.7999999999999,,,,,,,
12614,Gabon,2010,88.4,,,,,,,
10976,Georgia,2000,99.7,,,,,,,
12616,Georgia,2010,99.7,,,,,,,
8589,West Germany,1950,98.5,,,,,,,
4293,West Germany,1960,98.7,,,,,,,
41,West Germany,1970,98.7,,,,,,,
1428,West Germany,1980,98.7999999999999,,,,,,,
2875,West Germany,1990,99,,,,,,,
10977,Germany,2000,99,,,,,,,
11797,Germany,2005,99,,,,,,,
12617,Germany,2010,99,,,,,,,
18007,Ghana,1950,22.5,,,,,,,
4294,Ghana,1960,27,,,,,,,
42,Ghana,1970,30.1999999999999,,,,,,,
1429,Ghana,1980,44.5,,,,,,,
2876,Ghana,1990,58.2,,,,,,,
3658,Ghana,1995,64.5,,,,,,,
10978,Ghana,2000,70.7,,,,,,,
12618,Ghana,2010,80.9,,,,,,,
5782,Greece,1905,39.5,,,,,,,
6616,Greece,1920,53.8999999999999,,,,,,,
7244,Greece,1930,58.1,,,,,,,
8590,Greece,1950,74.0999999999999,,,,,,,
4295,Greece,1960,80.4,,,,,,,
43,Greece,1970,84.4,,,,,,,
1430,Greece,1980,90.5,,,,,,,
2877,Greece,1990,92.5999999999999,,,,,,,
10979,Greece,2000,96,,,,,,,
12619,Greece,2010,97.2,,,,,,,
6617,Guatemala,1920,13.1999999999999,,,,,,,
7897,Guatemala,1940,32.6,,,,,,,
8591,Guatemala,1950,29.3999999999999,,,,,,,
4296,Guatemala,1960,31.5,,,,,,,
4891,Guatemala,1965,37.8999999999999,,,,,,,
720,Guatemala,1975,46,,,,,,,
1431,Guatemala,1980,48.7,,,,,,,
2878,Guatemala,1990,53.2999999999999,,,,,,,
3660,Guatemala,1995,64.2,,,,,,,
10980,Guatemala,2000,69.0999999999999,,,,,,,
12620,Guatemala,2010,75.2,,,,,,,
18026,Guinea,1950,3,,,,,,,
4892,Guinea,1965,8.6,,,,,,,
1432,Guinea,1980,22.3999999999999,,,,,,,
2879,Guinea,1990,31,,,,,,,
3661,Guinea,1995,35.8999999999999,,,,,,,
10981,Guinea,2000,41,,,,,,,
11801,Guinea,2005,29.6999999999999,,,,,,,
12621,Guinea,2010,51.6,,,,,,,
18034,Guinea-Bissau,1960,4.9,,,,,,,
1433,Guinea-Bissau,1980,39.1,,,,,,,
2880,Guinea-Bissau,1990,49.5,,,,,,,
3662,Guinea-Bissau,1995,54.8999999999999,,,,,,,
10982,Guinea-Bissau,2000,60.2,,,,,,,
12622,Guinea-Bissau,2010,70,,,,,,,
18060,Guyana,1910,43.7,,,,,,,
18062,Guyana,1920,47.8999999999999,,,,,,,
18064,Guyana,1930,67.7,,,,,,,
18067,Guyana,1945,75.5,,,,,,,
18070,Guyana,1960,87.0999999999999,,,,,,,
46,Guyana,1970,80.0999999999999,,,,,,,
1434,Guyana,1980,94.7999999999999,,,,,,,
2881,Guyana,1990,97.2,,,,,,,
3663,Guyana,1995,98.0999999999999,,,,,,,
10983,Guyana,2000,98.5999999999999,,,,,,,
12623,Guyana,2010,99.2999999999999,,,,,,,
8592,Haiti,1950,10.5,,,,,,,
4298,Haiti,1960,14.5,,,,,,,
47,Haiti,1970,19.6,,,,,,,
1435,Haiti,1980,34.7,,,,,,,
2882,Haiti,1990,41,,,,,,,
3664,Haiti,1995,45,,,,,,,
10984,Haiti,2000,49.3999999999999,,,,,,,
12624,Haiti,2010,57.7,,,,,,,
6931,Honduras,1925,26.1,,,,,,,
7246,Honduras,1930,33.2999999999999,,,,,,,
7569,Honduras,1935,32.6,,,,,,,
7899,Honduras,1940,34.7,,,,,,,
8222,Honduras,1945,36.2999999999999,,,,,,,
8593,Honduras,1950,35.2,,,,,,,
4299,Honduras,1960,45,,,,,,,
48,Honduras,1970,56.8999999999999,,,,,,,
1436,Honduras,1980,62.2999999999999,,,,,,,
2883,Honduras,1990,69.4,,,,,,,
3665,Honduras,1995,72.7,,,,,,,
10985,Honduras,2000,80,,,,,,,
11805,Honduras,2005,83.5999999999999,,,,,,,
12625,Honduras,2010,84.7999999999999,,,,,,,
5545,Austria,1900,60.1,,,,,,,
6097,Austria,1910,67.7,,,,,,,
6619,Hungary,1920,86.5999999999999,,,,,,,
7247,Hungary,1930,90,,,,,,,
7900,Hungary,1940,93.5999999999999,,,,,,,
8594,Hungary,1950,95.2999999999999,,,,,,,
4300,Hungary,1960,96.9,,,,,,,
4895,Hungary,1965,97.4,,,,,,,
49,Hungary,1970,98,,,,,,,
1437,Hungary,1980,98.9,,,,,,,
2884,Hungary,1990,99,,,,,,,
3666,Hungary,1995,99,,,,,,,
10986,Hungary,2000,99,,,,,,,
11806,Hungary,2005,99,,,,,,,
12626,Hungary,2010,99,,,,,,,
8595,Iceland,1950,98.5,,,,,,,
11807,Iceland,2005,99,,,,,,,
12627,Iceland,2010,99,,,,,,,
18186,India,1900,6.2,,,,,,,
18196,India,1910,7,,,,,,,
18206,India,1920,8.3,,,,,,,
18216,India,1930,9.1,,,,,,,
8596,India,1950,19.3,,,,,,,
4302,India,1960,27.8,,,,,,,
51,India,1970,34.1,,,,,,,
1439,India,1980,40.7999999999999,,,,,,,
2886,India,1990,48.2,,,,,,,
3668,India,1995,52,,,,,,,
10988,India,2000,61,,,,,,,
12628,India,2010,62.6,,,,,,,
8597,Indonesia,1950,17.5,,,,,,,
4303,Indonesia,1960,56.6,,,,,,,
52,Indonesia,1970,56.6,,,,,,,
1440,Indonesia,1980,67.2999999999999,,,,,,,
2887,Indonesia,1990,81.5,,,,,,,
3669,Indonesia,1995,83.7999999999999,,,,,,,
10989,Indonesia,2000,87.2999999999999,,,,,,,
11809,Indonesia,2005,92,,,,,,,
12629,Indonesia,2010,92.5999999999999,,,,,,,
8598,Iran,1950,12.5,,,,,,,
9012,Iran,1955,12.8,,,,,,,
4304,Iran,1960,15.6,,,,,,,
4899,Iran,1965,22.8,,,,,,,
53,Iran,1970,36.8999999999999,,,,,,,
730,Iran,1975,36.5,,,,,,,
2163,Iran,1985,52.2999999999999,,,,,,,
2888,Iran,1990,65.5,,,,,,,
3670,Iran,1995,73.0999999999999,,,,,,,
10990,Iran,2000,77,,,,,,,
11810,Iran,2005,82.4,,,,,,,
12630,Iran,2010,85,,,,,,,
8227,Iraq,1945,10.9,,,,,,,
8599,Iraq,1950,12.5,,,,,,,
4305,Iraq,1960,14.4,,,,,,,
4900,Iraq,1965,24.1999999999999,,,,,,,
1442,Iraq,1980,40.3999999999999,,,,,,,
2889,Iraq,1990,52.2999999999999,,,,,,,
3671,Iraq,1995,58,,,,,,,
10991,Iraq,2000,74.0999999999999,,,,,,,
12631,Iraq,2010,78.2,,,,,,,
8641,Ireland,1950,98.5,,,,,,,
4364,Ireland,1960,98.7,,,,,,,
128,Ireland,1970,98.7999999999999,,,,,,,
1522,Ireland,1980,98.7999999999999,,,,,,,
2968,Ireland,1990,99,,,,,,,
11081,Ireland,2000,99,,,,,,,
11901,Ireland,2005,99,,,,,,,
12721,Ireland,2010,99,,,,,,,
8600,Israel,1950,93.7,,,,,,,
4306,Israel,1960,84.2,,,,,,,
55,Israel,1970,87.9,,,,,,,
2165,Israel,1985,91.7999999999999,,,,,,,
11812,Israel,2005,97.0999999999999,,,,,,,
5516,Italy,1900,51.7999999999999,,,,,,,
6065,Italy,1910,62.7999999999999,,,,,,,
6621,Italy,1920,72.5,,,,,,,
7249,Italy,1930,78.4,,,,,,,
8601,Italy,1950,87.5,,,,,,,
56,Italy,1970,93.9,,,,,,,
1444,Italy,1980,96.5,,,,,,,
2891,Italy,1990,97,,,,,,,
10993,Italy,2000,98.4,,,,,,,
12633,Italy,2010,98.9,,,,,,,
18388,Jamaica,1910,47.2,,,,,,,
18391,Jamaica,1920,52.2,,,,,,,
18400,Jamaica,1945,67.9,,,,,,,
18405,Jamaica,1950,72.5,,,,,,,
18410,Jamaica,1955,77,,,,,,,
18415,Jamaica,1960,90.9,,,,,,,
58,Jamaica,1970,96.0999999999999,,,,,,,
1446,Jamaica,1980,77.2999999999999,,,,,,,
2893,Jamaica,1990,82.9,,,,,,,
3675,Jamaica,1995,85,,,,,,,
10995,Jamaica,2000,86.4,,,,,,,
12635,Jamaica,2010,89.7,,,,,,,
8602,Japan,1950,97.5,,,,,,,
4309,Japan,1960,97.7999999999999,,,,,,,
59,Japan,1970,99,,,,,,,
1447,Japan,1980,99,,,,,,,
2894,Japan,1990,99,,,,,,,
10996,Japan,2000,99,,,,,,,
12636,Japan,2010,99,,,,,,,
8603,Jordan,1950,17.5,,,,,,,
4310,Jordan,1960,32.3999999999999,,,,,,,
60,Jordan,1970,67.5999999999999,,,,,,,
1448,Jordan,1980,66.7999999999999,,,,,,,
2895,Jordan,1990,82.0999999999999,,,,,,,
3677,Jordan,1995,86.5999999999999,,,,,,,
10997,Jordan,2000,89.7999999999999,,,,,,,
11817,Jordan,2005,91.0999999999999,,,,,,,
12637,Jordan,2010,92.5999999999999,,,,,,,
18475,Kazakhstan,1990,97.5,,,,,,,
10998,Kazakhstan,2000,99.5,,,,,,,
12638,Kazakhstan,2010,99.7,,,,,,,
18487,Kenya,1950,22.5,,,,,,,
18497,Kenya,1960,19.5,,,,,,,
1449,Kenya,1980,58.1,,,,,,,
2896,Kenya,1990,72,,,,,,,
3679,Kenya,1995,78.0999999999999,,,,,,,
10999,Kenya,2000,82.2,,,,,,,
11819,Kenya,2005,81.7999999999999,,,,,,,
12639,Kenya,2010,90.0999999999999,,,,,,,
18500,Kuwait,1950,17.5,,,,,,,
18505,Kuwait,1955,35,,,,,,,
18510,Kuwait,1960,46.7999999999999,,,,,,,
4910,Kuwait,1965,54.3999999999999,,,,,,,
64,Kuwait,1970,55,,,,,,,
741,Kuwait,1975,59.6,,,,,,,
1452,Kuwait,1980,67.5,,,,,,,
2174,Kuwait,1985,74.5,,,,,,,
3683,Kuwait,1995,78.4,,,,,,,
11823,Kuwait,2005,93.2999999999999,,,,,,,
12643,Kuwait,2010,93.9,,,,,,,
11000,Kyrgyzstan,2000,98.7,,,,,,,
12640,Kyrgyzstan,2010,99.2,,,,,,,
18571,Laos,1950,17.5,,,,,,,
4313,Laos,1960,28.3,,,,,,,
1453,Laos,1980,43.6,,,,,,,
2900,Laos,1990,51.5,,,,,,,
3684,Laos,1995,60.2999999999999,,,,,,,
11004,Laos,2000,69.5999999999999,,,,,,,
11824,Laos,2005,72.7,,,,,,,
12644,Laos,2010,71.2999999999999,,,,,,,
18623,Latvia,1990,99.5,,,,,,,
11005,Latvia,2000,99.7,,,,,,,
12645,Latvia,2010,99.7999999999999,,,,,,,
8606,Lebanon,1950,47.5,,,,,,,
66,Lebanon,1970,78.5,,,,,,,
1454,Lebanon,1980,86.0999999999999,,,,,,,
2901,Lebanon,1990,90.7999999999999,,,,,,,
3686,Lebanon,1995,92.4,,,,,,,
11006,Lebanon,2000,93.7,,,,,,,
12646,Lebanon,2010,95.7999999999999,,,,,,,
18646,Lesotho,1965,58.6,,,,,,,
1455,Lesotho,1980,57,,,,,,,
2902,Lesotho,1990,66.7,,,,,,,
3687,Lesotho,1995,71.2999999999999,,,,,,,
11007,Lesotho,2000,75.5,,,,,,,
12647,Lesotho,2010,82.4,,,,,,,
8607,Liberia,1950,7.5,,,,,,,
4315,Liberia,1960,8.9,,,,,,,
1456,Liberia,1980,24.6999999999999,,,,,,,
2178,Liberia,1985,32.1,,,,,,,
2903,Liberia,1990,33.5,,,,,,,
3688,Liberia,1995,38.2999999999999,,,,,,,
11008,Liberia,2000,43.2,,,,,,,
11828,Liberia,2005,54.7999999999999,,,,,,,
12648,Liberia,2010,53.7,,,,,,,
18653,Libya,1950,7.5,,,,,,,
9023,Libya,1955,12.9,,,,,,,
4914,Libya,1965,21.6999999999999,,,,,,,
746,Libya,1975,39,,,,,,,
1457,Libya,1980,53.8999999999999,,,,,,,
2179,Libya,1985,60.2,,,,,,,
2904,Libya,1990,69.9,,,,,,,
3689,Libya,1995,76.2,,,,,,,
11009,Libya,2000,81.5999999999999,,,,,,,
11829,Libya,2005,86.0999999999999,,,,,,,
12649,Libya,2010,89.2,,,,,,,
18701,Lithuania,1990,98.4,,,,,,,
11010,Lithuania,2000,99.5999999999999,,,,,,,
12650,Lithuania,2010,99.7,,,,,,,
70,Luxembourg,1970,99,,,,,,,
1458,Luxembourg,1980,99,,,,,,,
2905,Luxembourg,1990,99,,,,,,,
11011,Luxembourg,2000,100,,,,,,,
12651,Luxembourg,2010,100,,,,,,,
3765,Macedonia,1995,94.0999999999999,,,,,,,
11085,Macedonia,2000,96.0999999999999,,,,,,,
12725,Macedonia,2010,97.2999999999999,,,,,,,
16177,Madagascar,1950,32.5,,,,,,,
16182,Madagascar,1955,33.5,,,,,,,
11012,Madagascar,2000,70.7,,,,,,,
12652,Madagascar,2010,64.5,,,,,,,
16195,Malawi,1945,6.5,,,,,,,
4917,Malawi,1965,22.1,,,,,,,
1460,Malawi,1980,44.8999999999999,,,,,,,
2907,Malawi,1990,52.2999999999999,,,,,,,
3693,Malawi,1995,56.3999999999999,,,,,,,
11013,Malawi,2000,60.3999999999999,,,,,,,
12653,Malawi,2010,68.0999999999999,,,,,,,
16231,Malaysia,1930,29,,,,,,,
16244,Malaysia,1945,39.7,,,,,,,
16248,Malaysia,1950,37.5,,,,,,,
4319,Malaysia,1960,22.3,,,,,,,
73,Malaysia,1970,58.5,,,,,,,
1461,Malaysia,1980,69.5,,,,,,,
2908,Malaysia,1990,82.9,,,,,,,
3694,Malaysia,1995,83.5,,,,,,,
11014,Malaysia,2000,88.7,,,,,,,
12654,Malaysia,2010,93.0999999999999,,,,,,,
4320,Mali,1960,2.2,,,,,,,
751,Mali,1975,9.4,,,,,,,
1462,Mali,1980,14.1999999999999,,,,,,,
2909,Mali,1990,24.6,,,,,,,
3695,Mali,1995,31,,,,,,,
11015,Mali,2000,38,,,,,,,
12655,Mali,2010,52.8999999999999,,,,,,,
4920,Mauritania,1965,11.1,,,,,,,
752,Mauritania,1975,17.3999999999999,,,,,,,
1463,Mauritania,1980,29.8,,,,,,,
2910,Mauritania,1990,35.2,,,,,,,
3696,Mauritania,1995,37.7,,,,,,,
11016,Mauritania,2000,40.1,,,,,,,
12656,Mauritania,2010,44.6,,,,,,,
16296,Mauritius,1950,51.7999999999999,,,,,,,
16306,Mauritius,1960,60.7999999999999,,,,,,,
1464,Mauritius,1980,73.7999999999999,,,,,,,
2911,Mauritius,1990,79.9,,,,,,,
3697,Mauritius,1995,82.9,,,,,,,
11017,Mauritius,2000,85.4,,,,,,,
12657,Mauritius,2010,89.5999999999999,,,,,,,
5521,Mexico,1900,22.3,,,,,,,
6070,Mexico,1910,27.6999999999999,,,,,,,
6626,Mexico,1920,33.7999999999999,,,,,,,
7254,Mexico,1930,38.5,,,,,,,
7908,Mexico,1940,46,,,,,,,
8609,Mexico,1950,46.7999999999999,,,,,,,
4322,Mexico,1960,65.4,,,,,,,
77,Mexico,1970,74.2,,,,,,,
1465,Mexico,1980,83,,,,,,,
2912,Mexico,1990,87.5999999999999,,,,,,,
3698,Mexico,1995,89.5999999999999,,,,,,,
11018,Mexico,2000,90.5,,,,,,,
11838,Mexico,2005,91.5999999999999,,,,,,,
12658,Mexico,2010,93.0999999999999,,,,,,,
16364,Moldova,1990,96.4,,,,,,,
11019,Moldova,2000,96.7,,,,,,,
12659,Moldova,2010,98.5,,,,,,,
8235,Mongolia,1945,59.6,,,,,,,
8610,Mongolia,1950,52.5,,,,,,,
9026,Mongolia,1955,95.4,,,,,,,
1466,Mongolia,1980,72.2999999999999,,,,,,,
2913,Mongolia,1990,79.9,,,,,,,
3700,Mongolia,1995,82.9,,,,,,,
11020,Mongolia,2000,85.5999999999999,,,,,,,
12660,Mongolia,2010,89.5,,,,,,,
16392,Morocco,1950,12.5,,,,,,,
4324,Morocco,1960,13.8,,,,,,,
79,Morocco,1970,21.3999999999999,,,,,,,
1467,Morocco,1980,28.8999999999999,,,,,,,
2914,Morocco,1990,38.6,,,,,,,
3701,Morocco,1995,43.7,,,,,,,
11021,Morocco,2000,48.3999999999999,,,,,,,
11841,Morocco,2005,52.2999999999999,,,,,,,
12661,Morocco,2010,57.3999999999999,,,,,,,
16407,Mozambique,1950,3,,,,,,,
16417,Mozambique,1960,7.7,,,,,,,
1468,Mozambique,1980,27.1999999999999,,,,,,,
2915,Mozambique,1990,34.7,,,,,,,
3702,Mozambique,1995,40.1,,,,,,,
11022,Mozambique,2000,45.8999999999999,,,,,,,
11842,Mozambique,2005,48.2,,,,,,,
12662,Mozambique,2010,57.3999999999999,,,,,,,
8574,Myanmar,1950,52.5,,,,,,,
8987,Myanmar,1955,69.9,,,,,,,
1400,Myanmar,1980,76.7999999999999,,,,,,,
2122,Myanmar,1985,78.5999999999999,,,,,,,
2847,Myanmar,1990,81.2999999999999,,,,,,,
3626,Myanmar,1995,83.0999999999999,,,,,,,
10946,Myanmar,2000,84.7999999999999,,,,,,,
12586,Myanmar,2010,87.9,,,,,,,
16435,Namibia,1950,22.5,,,,,,,
16445,Namibia,1960,38.3999999999999,,,,,,,
16475,Namibia,1990,75.7999999999999,,,,,,,
11023,Namibia,2000,85,,,,,,,
12663,Namibia,2010,88.7999999999999,,,,,,,
8611,Nepal,1950,3,,,,,,,
4325,Nepal,1960,8.8,,,,,,,
80,Nepal,1970,14.3,,,,,,,
758,Nepal,1975,19.1999999999999,,,,,,,
1469,Nepal,1980,20.6,,,,,,,
2916,Nepal,1990,24.3999999999999,,,,,,,
3704,Nepal,1995,27.5,,,,,,,
11024,Nepal,2000,30.8999999999999,,,,,,,
12664,Nepal,2010,37.8999999999999,,,,,,,
8612,Netherlands,1950,98.5,,,,,,,
4326,Netherlands,1960,99,,,,,,,
81,Netherlands,1970,99,,,,,,,
1470,Netherlands,1980,99,,,,,,,
2917,Netherlands,1990,99,,,,,,,
11025,Netherlands,2000,99,,,,,,,
11845,Netherlands,2005,99,,,,,,,
12665,Netherlands,2010,99,,,,,,,
8613,New Zealand,1950,98.5,,,,,,,
4327,New Zealand,1960,99,,,,,,,
82,New Zealand,1970,99,,,,,,,
1471,New Zealand,1980,99,,,,,,,
2918,New Zealand,1990,99,,,,,,,
11026,New Zealand,2000,99,,,,,,,
11846,New Zealand,2005,99,,,,,,,
12666,New Zealand,2010,99,,,,,,,
8614,Nicaragua,1950,38.3999999999999,,,,,,,
4927,Nicaragua,1965,49.6,,,,,,,
83,Nicaragua,1970,57.5,,,,,,,
1472,Nicaragua,1980,60.8999999999999,,,,,,,
2919,Nicaragua,1990,64,,,,,,,
3707,Nicaragua,1995,65.7,,,,,,,
11027,Nicaragua,2000,67.2,,,,,,,
12667,Nicaragua,2010,69.9,,,,,,,
4329,Niger,1960,0.9,,,,,,,
1473,Niger,1980,8.19999999999999,,,,,,,
2920,Niger,1990,11.6,,,,,,,
3708,Niger,1995,13.6,,,,,,,
11028,Niger,2000,15.9,,,,,,,
12668,Niger,2010,21.3999999999999,,,,,,,
16539,Nigeria,1950,12.5,,,,,,,
1474,Nigeria,1980,34.6,,,,,,,
2921,Nigeria,1990,49.3999999999999,,,,,,,
3709,Nigeria,1995,57.1,,,,,,,
11029,Nigeria,2000,64.5,,,,,,,
12669,Nigeria,2010,77.0999999999999,,,,,,,
12641,North Korea,2010,100,,,,,,,
8615,Norway,1950,98.5,,,,,,,
4331,Norway,1960,99,,,,,,,
86,Norway,1970,99,,,,,,,
1475,Norway,1980,99,,,,,,,
2922,Norway,1990,100,,,,,,,
11030,Norway,2000,100,,,,,,,
12670,Norway,2010,100,,,,,,,
8616,Oman,1950,3,,,,,,,
11851,Oman,2005,81.4,,,,,,,
12671,Oman,2010,86.5999999999999,,,,,,,
8617,Pakistan,1950,13.8,,,,,,,
4333,Pakistan,1960,16.3,,,,,,,
88,Pakistan,1970,21.6999999999999,,,,,,,
1477,Pakistan,1980,27.1,,,,,,,
2924,Pakistan,1990,34.2,,,,,,,
3712,Pakistan,1995,37.7999999999999,,,,,,,
11032,Pakistan,2000,41.7999999999999,,,,,,,
11852,Pakistan,2005,49.8999999999999,,,,,,,
12672,Pakistan,2010,49.8999999999999,,,,,,,
7916,Panama,1940,72,,,,,,,
8618,Panama,1950,69.9,,,,,,,
4334,Panama,1960,73.2999999999999,,,,,,,
89,Panama,1970,78.2999999999999,,,,,,,
1478,Panama,1980,85.5999999999999,,,,,,,
2925,Panama,1990,88.7999999999999,,,,,,,
3713,Panama,1995,90.7999999999999,,,,,,,
11033,Panama,2000,92.0999999999999,,,,,,,
12673,Panama,2010,94.0999999999999,,,,,,,
16639,Papua New Guinea,1950,7.5,,,,,,,
16646,Papua New Guinea,1965,29.3999999999999,,,,,,,
16651,Papua New Guinea,1970,32.1,,,,,,,
1479,Papua New Guinea,1980,58.1,,,,,,,
2926,Papua New Guinea,1990,68.0999999999999,,,,,,,
3714,Papua New Guinea,1995,72.2,,,,,,,
11034,Papua New Guinea,2000,75.9,,,,,,,
12674,Papua New Guinea,2010,82.2999999999999,,,,,,,
8619,Paraguay,1950,65.7999999999999,,,,,,,
4335,Paraguay,1960,74.5999999999999,,,,,,,
90,Paraguay,1970,80.0999999999999,,,,,,,
1480,Paraguay,1980,86.7999999999999,,,,,,,
2927,Paraguay,1990,90.7,,,,,,,
3715,Paraguay,1995,92.0999999999999,,,,,,,
11035,Paraguay,2000,93.4,,,,,,,
12675,Paraguay,2010,95.4,,,,,,,
8620,Peru,1950,47.5,,,,,,,
4336,Peru,1960,61.1,,,,,,,
91,Peru,1970,72.5,,,,,,,
1481,Peru,1980,79.9,,,,,,,
2928,Peru,1990,86.2999999999999,,,,,,,
3716,Peru,1995,88.7,,,,,,,
11036,Peru,2000,90.7,,,,,,,
12676,Peru,2010,94.0999999999999,,,,,,,
16695,Philippines,1920,49.2,,,,,,,
16715,Philippines,1940,48.7999999999999,,,,,,,
8621,Philippines,1950,61.2999999999999,,,,,,,
9037,Philippines,1955,75.2999999999999,,,,,,,
4337,Philippines,1960,71.9,,,,,,,
92,Philippines,1970,82.5999999999999,,,,,,,
1482,Philippines,1980,89.5999999999999,,,,,,,
2929,Philippines,1990,93.5999999999999,,,,,,,
3717,Philippines,1995,94.5999999999999,,,,,,,
11037,Philippines,2000,95.7,,,,,,,
12677,Philippines,2010,97.2999999999999,,,,,,,
8622,Poland,1950,92.5,,,,,,,
4338,Poland,1960,95.2999999999999,,,,,,,
93,Poland,1970,97.7999999999999,,,,,,,
1483,Poland,1980,98.7,,,,,,,
3718,Poland,1995,99.2,,,,,,,
11858,Poland,2005,99.4,,,,,,,
12678,Poland,2010,99.5,,,,,,,
5529,Portugal,1900,26.6,,,,,,,
6080,Portugal,1910,30.8999999999999,,,,,,,
6637,Portugal,1920,44.7999999999999,,,,,,,
7265,Portugal,1930,39.7999999999999,,,,,,,
7920,Portugal,1940,49.6,,,,,,,
8623,Portugal,1950,55.8999999999999,,,,,,,
4339,Portugal,1960,61.8999999999999,,,,,,,
94,Portugal,1970,71,,,,,,,
1484,Portugal,1980,79.4,,,,,,,
2931,Portugal,1990,87.9,,,,,,,
12679,Portugal,2010,95.2,,,,,,,
16727,Qatar,1950,7.5,,,,,,,
1485,Qatar,1980,69.7999999999999,,,,,,,
2207,Qatar,1985,75.5999999999999,,,,,,,
2932,Qatar,1990,77.2,,,,,,,
3720,Qatar,1995,79.4,,,,,,,
11040,Qatar,2000,81.5999999999999,,,,,,,
11860,Qatar,2005,89,,,,,,,
12680,Qatar,2010,96.2999999999999,,,,,,,
8627,Republic of South Africa,1950,42.5,,,,,,,
4345,Republic of South Africa,1960,57,,,,,,,
1494,Republic of South Africa,1980,75.7,,,,,,,
2941,Republic of South Africa,1990,79.9,,,,,,,
3730,Republic of South Africa,1995,82.4,,,,,,,
11050,Republic of South Africa,2000,83.5999999999999,,,,,,,
12690,Republic of South Africa,2010,86.5999999999999,,,,,,,
5530,Romania,1900,22,,,,,,,
7266,Romania,1930,57.1,,,,,,,
8624,Romania,1950,76.9,,,,,,,
9040,Romania,1955,88.5999999999999,,,,,,,
2933,Romania,1990,96.7,,,,,,,
11041,Romania,2000,97.2999999999999,,,,,,,
12681,Romania,2010,97.7,,,,,,,
11042,Russian Federation,2000,99.4,,,,,,,
12682,Russian Federation,2010,99.5999999999999,,,,,,,
16792,Rwanda,1950,7.5,,,,,,,
16802,Rwanda,1960,16.3999999999999,,,,,,,
1488,Rwanda,1980,42,,,,,,,
2935,Rwanda,1990,54.2999999999999,,,,,,,
3723,Rwanda,1995,60.5,,,,,,,
11043,Rwanda,2000,66.4,,,,,,,
12683,Rwanda,2010,76,,,,,,,
8626,Saudi Arabia,1950,3,,,,,,,
4342,Saudi Arabia,1960,2.5,,,,,,,
1489,Saudi Arabia,1980,47.8999999999999,,,,,,,
2936,Saudi Arabia,1990,59.1,,,,,,,
3724,Saudi Arabia,1995,62.7999999999999,,,,,,,
11044,Saudi Arabia,2000,67,,,,,,,
12684,Saudi Arabia,2010,74.4,,,,,,,
4343,Senegal,1960,5.6,,,,,,,
1490,Senegal,1980,21.5,,,,,,,
2937,Senegal,1990,28.8,,,,,,,
3725,Senegal,1995,33.1,,,,,,,
11045,Senegal,2000,37.5,,,,,,,
12685,Senegal,2010,46.7,,,,,,,
16843,Sierra Leone,1950,7.5,,,,,,,
4944,Sierra Leone,1965,6.7,,,,,,,
1491,Sierra Leone,1980,18.8999999999999,,,,,,,
2938,Sierra Leone,1990,26.8999999999999,,,,,,,
3726,Sierra Leone,1995,31.3999999999999,,,,,,,
11046,Sierra Leone,2000,36.2,,,,,,,
12686,Sierra Leone,2010,46.6,,,,,,,
11903,Slovakia,2005,99.5999999999999,,,,,,,
16947,Slovenia,1990,99.5,,,,,,,
11867,Slovenia,2005,99.7,,,,,,,
12687,Slovenia,2010,99.7,,,,,,,
11048,Solomon Islands,2000,76.5999999999999,,,,,,,
16973,Somalia,1950,3,,,,,,,
4344,Somalia,1960,1.5,,,,,,,
1493,Somalia,1980,6.1,,,,,,,
11049,Somalia,2000,37.7999999999999,,,,,,,
17004,South Korea,1930,31.8,,,,,,,
8605,South Korea,1950,37.5,,,,,,,
9019,South Korea,1955,76.7999999999999,,,,,,,
4312,South Korea,1960,70.5999999999999,,,,,,,
4909,South Korea,1965,60.1,,,,,,,
63,South Korea,1970,78.5999999999999,,,,,,,
1451,South Korea,1980,93.7999999999999,,,,,,,
2898,South Korea,1990,97.0999999999999,,,,,,,
3682,South Korea,1995,98,,,,,,,
11002,South Korea,2000,97.9,,,,,,,
12642,South Korea,2010,99.4,,,,,,,
2934,Soviet Union,1990,98,,,,,,,
5532,Spain,1900,41.2999999999999,,,,,,,
6084,Spain,1910,47.7999999999999,,,,,,,
6641,Spain,1920,56,,,,,,,
7925,Spain,1940,76.7999999999999,,,,,,,
8628,Spain,1950,82.7,,,,,,,
4346,Spain,1960,86.7,,,,,,,
103,Spain,1970,90.2,,,,,,,
783,Spain,1975,92.4,,,,,,,
1495,Spain,1980,92.7999999999999,,,,,,,
2942,Spain,1990,96.5,,,,,,,
11871,Spain,2005,97.7999999999999,,,,,,,
12691,Spain,2010,97.7,,,,,,,
17054,Sri Lanka,1900,26.3999999999999,,,,,,,
17064,Sri Lanka,1910,31,,,,,,,
17074,Sri Lanka,1920,39.8999999999999,,,,,,,
17099,Sri Lanka,1945,57.7999999999999,,,,,,,
8629,Sri Lanka,1950,62.5,,,,,,,
9045,Sri Lanka,1955,67.7,,,,,,,
4948,Sri Lanka,1965,75.0999999999999,,,,,,,
104,Sri Lanka,1970,77.5999999999999,,,,,,,
1496,Sri Lanka,1980,85.2999999999999,,,,,,,
2943,Sri Lanka,1990,88.7,,,,,,,
3732,Sri Lanka,1995,90.2,,,,,,,
11052,Sri Lanka,2000,90.7,,,,,,,
11872,Sri Lanka,2005,90.7999999999999,,,,,,,
12692,Sri Lanka,2010,93.9,,,,,,,
17111,Sudan,1950,7.5,,,,,,,
17116,Sudan,1955,12,,,,,,,
4348,Sudan,1960,13.1,,,,,,,
4949,Sudan,1965,14.6999999999999,,,,,,,
1497,Sudan,1980,29.8999999999999,,,,,,,
2944,Sudan,1990,40.2999999999999,,,,,,,
3733,Sudan,1995,46.1,,,,,,,
11053,Sudan,2000,51.7999999999999,,,,,,,
12693,Sudan,2010,62.6,,,,,,,
17126,Suriname,1950,27.5,,,,,,,
17133,Suriname,1965,83.5999999999999,,,,,,,
1498,Suriname,1980,87.5999999999999,,,,,,,
2945,Suriname,1990,91.7,,,,,,,
3734,Suriname,1995,93,,,,,,,
11054,Suriname,2000,94.2,,,,,,,
12694,Suriname,2010,96,,,,,,,
17143,Swaziland,1950,18.5,,,,,,,
787,Swaziland,1975,55.2999999999999,,,,,,,
1499,Swaziland,1980,60.3999999999999,,,,,,,
2221,Swaziland,1985,67.2,,,,,,,
2946,Swaziland,1990,72.0999999999999,,,,,,,
3735,Swaziland,1995,76.7,,,,,,,
11055,Swaziland,2000,81.7,,,,,,,
12695,Swaziland,2010,86.2,,,,,,,
6955,Sweden,1925,99.9,,,,,,,
8630,Sweden,1950,98.5,,,,,,,
4349,Sweden,1960,99,,,,,,,
107,Sweden,1970,99,,,,,,,
1500,Sweden,1980,99,,,,,,,
2947,Sweden,1990,99,,,,,,,
3736,Sweden,1995,99,,,,,,,
11876,Sweden,2005,99,,,,,,,
12696,Sweden,2010,99,,,,,,,
8631,Switzerland,1950,98.5,,,,,,,
4350,Switzerland,1960,99,,,,,,,
108,Switzerland,1970,99,,,,,,,
1501,Switzerland,1980,99,,,,,,,
2948,Switzerland,1990,99,,,,,,,
3737,Switzerland,1995,99,,,,,,,
11877,Switzerland,2005,99,,,,,,,
12697,Switzerland,2010,99,,,,,,,
8632,Syria,1950,27.5,,,,,,,
4351,Syria,1960,29.5,,,,,,,
109,Syria,1970,40,,,,,,,
1502,Syria,1980,53.7999999999999,,,,,,,
2949,Syria,1990,65.7,,,,,,,
3738,Syria,1995,70.7999999999999,,,,,,,
11058,Syria,2000,75.5999999999999,,,,,,,
11878,Syria,2005,80.4,,,,,,,
12698,Syria,2010,83.4,,,,,,,
11879,Taiwan,2005,96.0999999999999,,,,,,,
17283,Tajikistan,1990,97.7,,,,,,,
11060,Tajikistan,2000,99.5,,,,,,,
12700,Tajikistan,2010,99.7,,,,,,,
17296,Tanzania,1950,7.5,,,,,,,
4353,Tanzania,1960,9.5,,,,,,,
4954,Tanzania,1965,28.1,,,,,,,
1504,Tanzania,1980,49.6,,,,,,,
2951,Tanzania,1990,62.1,,,,,,,
3741,Tanzania,1995,67.7999999999999,,,,,,,
11061,Tanzania,2000,73.2999999999999,,,,,,,
12701,Tanzania,2010,82.2,,,,,,,
7597,Thailand,1935,31.1999999999999,,,,,,,
8254,Thailand,1945,52,,,,,,,
8634,Thailand,1950,52.5,,,,,,,
9050,Thailand,1955,63.7,,,,,,,
4354,Thailand,1960,67.7,,,,,,,
112,Thailand,1970,78.5999999999999,,,,,,,
1505,Thailand,1980,88,,,,,,,
2952,Thailand,1990,93.2999999999999,,,,,,,
3742,Thailand,1995,93.7999999999999,,,,,,,
11062,Thailand,2000,95.0999999999999,,,,,,,
12702,Thailand,2010,96.7999999999999,,,,,,,
1390,The Bahamas,1980,96.7999999999999,,,,,,,
2835,The Bahamas,1990,97.9,,,,,,,
3612,The Bahamas,1995,98.2,,,,,,,
10932,The Bahamas,2000,98.5,,,,,,,
12572,The Bahamas,2010,98.7999999999999,,,,,,,
1427,The Gambia,1980,24.5,,,,,,,
2874,The Gambia,1990,33.7,,,,,,,
3655,The Gambia,1995,38.6,,,,,,,
10975,The Gambia,2000,43.3999999999999,,,,,,,
12615,The Gambia,2010,53.2999999999999,,,,,,,
17334,Togo,1950,7.5,,,,,,,
17344,Togo,1960,9.69999999999999,,,,,,,
113,Togo,1970,15.9,,,,,,,
1506,Togo,1980,33.3999999999999,,,,,,,
2953,Togo,1990,45.3999999999999,,,,,,,
3743,Togo,1995,51.7,,,,,,,
11063,Togo,2000,57.8999999999999,,,,,,,
12703,Togo,2010,69.5,,,,,,,
17351,Trinidad and Tobago,1910,47.5,,,,,,,
17353,Trinidad and Tobago,1920,53.2,,,,,,,
17358,Trinidad and Tobago,1945,73.7999999999999,,,,,,,
17363,Trinidad and Tobago,1950,72.5,,,,,,,
17373,Trinidad and Tobago,1960,93.4,,,,,,,
114,Trinidad and Tobago,1970,92.2,,,,,,,
1507,Trinidad and Tobago,1980,95,,,,,,,
2954,Trinidad and Tobago,1990,96.9,,,,,,,
3744,Trinidad and Tobago,1995,97.9,,,,,,,
11884,Trinidad and Tobago,2005,98.4,,,,,,,
12704,Trinidad and Tobago,2010,98.7999999999999,,,,,,,
17386,Tunisia,1950,17.5,,,,,,,
4355,Tunisia,1960,15.5,,,,,,,
4958,Tunisia,1965,24,,,,,,,
796,Tunisia,1975,38,,,,,,,
1508,Tunisia,1980,46.5,,,,,,,
2230,Tunisia,1985,48.2,,,,,,,
2955,Tunisia,1990,60.2,,,,,,,
3745,Tunisia,1995,66.7,,,,,,,
11885,Tunisia,2005,72.2999999999999,,,,,,,
12705,Tunisia,2010,81.5999999999999,,,,,,,
6958,Turkey,1925,8.19999999999999,,,,,,,
7598,Turkey,1935,20.3999999999999,,,,,,,
8255,Turkey,1945,30.5,,,,,,,
8635,Turkey,1950,31.8999999999999,,,,,,,
9051,Turkey,1955,38.6,,,,,,,
4356,Turkey,1960,38.1,,,,,,,
4959,Turkey,1965,46,,,,,,,
116,Turkey,1970,51.2999999999999,,,,,,,
797,Turkey,1975,61.6,,,,,,,
1509,Turkey,1980,65.7,,,,,,,
2231,Turkey,1985,76,,,,,,,
2956,Turkey,1990,79.2,,,,,,,
3746,Turkey,1995,82.2999999999999,,,,,,,
11886,Turkey,2005,88.2,,,,,,,
12706,Turkey,2010,90.7999999999999,,,,,,,
3747,Turkmenistan,1995,98.7999999999999,,,,,,,
12707,Turkmenistan,2010,99.5999999999999,,,,,,,
17471,Uganda,1950,27.5,,,,,,,
17481,Uganda,1960,44.8999999999999,,,,,,,
1510,Uganda,1980,46.3999999999999,,,,,,,
2957,Uganda,1990,56.6,,,,,,,
3748,Uganda,1995,61.7999999999999,,,,,,,
11068,Uganda,2000,67,,,,,,,
11888,Uganda,2005,71.4,,,,,,,
12708,Uganda,2010,76.2,,,,,,,
11069,Ukraine,2000,99.4,,,,,,,
12709,Ukraine,2010,99.7,,,,,,,
17578,United Arab Emirates,1970,20.8999999999999,,,,,,,
799,United Arab Emirates,1975,53.5,,,,,,,
1511,United Arab Emirates,1980,69.9,,,,,,,
2233,United Arab Emirates,1985,71.2,,,,,,,
2958,United Arab Emirates,1990,76.5999999999999,,,,,,,
3750,United Arab Emirates,1995,79.2,,,,,,,
11070,United Arab Emirates,2000,81.7999999999999,,,,,,,
12710,United Arab Emirates,2010,86.7,,,,,,,
8636,United Kingdom,1950,98.5,,,,,,,
4357,United Kingdom,1960,99,,,,,,,
4961,United Kingdom,1965,99,,,,,,,
118,United Kingdom,1970,99,,,,,,,
1512,United Kingdom,1980,99,,,,,,,
2959,United Kingdom,1990,99,,,,,,,
11071,United Kingdom,2000,99,,,,,,,
11891,United Kingdom,2005,99,,,,,,,
12711,United Kingdom,2010,99,,,,,,,
15863,United States of America,1870,80,,,,,,,
9739,United States of America,1880,83,,,,,,,
10279,United States of America,1890,86.7,,,,,,,
5538,United States of America,1900,90.2999999999999,,,,,,,
6090,United States of America,1910,92.2999999999999,,,,,,,
6647,United States of America,1920,94,,,,,,,
7275,United States of America,1930,94.0999999999999,,,,,,,
7931,United States of America,1940,97.0999999999999,,,,,,,
8257,United States of America,1945,97.2999999999999,,,,,,,
8637,United States of America,1950,97.5,,,,,,,
4358,United States of America,1960,97.2,,,,,,,
119,United States of America,1970,99,,,,,,,
1513,United States of America,1980,99.4,,,,,,,
3752,United States of America,1995,99,,,,,,,
11892,United States of America,2005,99,,,,,,,
12712,United States of America,2010,99,,,,,,,
8638,Uruguay,1950,82.5,,,,,,,
4963,Uruguay,1965,80.4,,,,,,,
802,Uruguay,1975,93.9,,,,,,,
2236,Uruguay,1985,95.4,,,,,,,
3753,Uruguay,1995,96.7999999999999,,,,,,,
11893,Uruguay,2005,97.7999999999999,,,,,,,
12713,Uruguay,2010,98.0999999999999,,,,,,,
11074,Uzbekistan,2000,98.5999999999999,,,,,,,
12714,Uzbekistan,2010,99.4,,,,,,,
7602,Venezuela,1935,39,,,,,,,
7933,Venezuela,1940,41.5,,,,,,,
8639,Venezuela,1950,52.2,,,,,,,
4360,Venezuela,1960,63.2999999999999,,,,,,,
121,Venezuela,1970,76.5,,,,,,,
1515,Venezuela,1980,84.7,,,,,,,
2962,Venezuela,1990,89.7999999999999,,,,,,,
11075,Venezuela,2000,93,,,,,,,
11895,Venezuela,2005,95.2,,,,,,,
12715,Venezuela,2010,95.5,,,,,,,
17622,Vietnam,1950,17.5,,,,,,,
17632,Vietnam,1960,64.5,,,,,,,
1516,Vietnam,1980,83.7999999999999,,,,,,,
2963,Vietnam,1990,87.5999999999999,,,,,,,
3756,Vietnam,1995,93.7,,,,,,,
11076,Vietnam,2000,95.5999999999999,,,,,,,
12716,Vietnam,2010,97.4,,,,,,,
17648,Yemen,1950,3,,,,,,,
17658,Yemen,1960,2.5,,,,,,,
17668,Yemen,1970,27.1,,,,,,,
17678,Yemen,1980,8.6,,,,,,,
3757,Yemen,1995,37.1,,,,,,,
11897,Yemen,2005,54.7,,,,,,,
12717,Yemen,2010,63.8999999999999,,,,,,,
8644,Yugoslavia,1950,72.9,,,,,,,
9062,Yugoslavia,1955,72.7999999999999,,,,,,,
126,Zambia,1970,47.2999999999999,,,,,,,
1520,Zambia,1980,53.5,,,,,,,
2966,Zambia,1990,73.0999999999999,,,,,,,
3759,Zambia,1995,78.2,,,,,,,
11079,Zambia,2000,82.9,,,,,,,
12719,Zambia,2010,89.5999999999999,,,,,,,
17721,Zimbabwe,1950,22.5,,,,,,,
1521,Zimbabwe,1980,75.2999999999999,,,,,,,
2967,Zimbabwe,1990,82.2999999999999,,,,,,,
3760,Zimbabwe,1995,85.0999999999999,,,,,,,
11080,Zimbabwe,2000,87.5999999999999,,,,,,,
12720,Zimbabwe,2010,91.7,,,,,,,